8:00,8:05,8:15,8:20
8:01,8:05,8:15,8:20
8:02,8:05,8:15,8:20
8:03,8:05,8:15,8:20
8:04,8:05,8:15,8:20
8:05,8:15,8:20,10:00
8:06,8:15,8:20,10:00
8:07,8:15,8:20,10:00
8:08,8:15,8:20,10:00
8:09,8:15,8:20,10:00
8:10,8:15,8:20,10:00
8:11,8:15,8:20,10:00
8:12,8:15,8:20,10:00
8:13,8:15,8:20,10:00
8:14,8:15,8:20,10:00
8:15,8:20,10:00,10:05
8:16,8:20,10:00,10:05
8:17,8:20,10:00,10:05
8:18,8:20,10:00,10:05
8:19,8:20,10:00,10:05
8:20,10:00,10:05,10:10
8:21,10:00,10:05,10:10
8:22,10:00,10:05,10:10
8:23,10:00,10:05,10:10
8:24,10:00,10:05,10:10
8:25,10:00,10:05,10:10
8:26,10:00,10:05,10:10
8:27,10:00,10:05,10:10
8:28,10:00,10:05,10:10
8:29,10:00,10:05,10:10
8:30,10:00,10:05,10:10
8:31,10:00,10:05,10:10
8:32,10:00,10:05,10:10
8:33,10:00,10:05,10:10
8:34,10:00,10:05,10:10
8:35,10:00,10:05,10:10
8:36,10:00,10:05,10:10
8:37,10:00,10:05,10:10
8:38,10:00,10:05,10:10
8:39,10:00,10:05,10:10
8:40,10:00,10:05,10:10
8:41,10:00,10:05,10:10
8:42,10:00,10:05,10:10
8:43,10:00,10:05,10:10
8:44,10:00,10:05,10:10
8:45,10:00,10:05,10:10
8:46,10:00,10:05,10:10
8:47,10:00,10:05,10:10
8:48,10:00,10:05,10:10
8:49,10:00,10:05,10:10
8:50,10:00,10:05,10:10
8:51,10:00,10:05,10:10
8:52,10:00,10:05,10:10
8:53,10:00,10:05,10:10
8:54,10:00,10:05,10:10
8:55,10:00,10:05,10:10
8:56,10:00,10:05,10:10
8:57,10:00,10:05,10:10
8:58,10:00,10:05,10:10
8:59,10:00,10:05,10:10
9:00,10:00,10:05,10:10
9:01,10:00,10:05,10:10
9:02,10:00,10:05,10:10
9:03,10:00,10:05,10:10
9:04,10:00,10:05,10:10
9:05,10:00,10:05,10:10
9:06,10:00,10:05,10:10
9:07,10:00,10:05,10:10
9:08,10:00,10:05,10:10
9:09,10:00,10:05,10:10
9:10,10:00,10:05,10:10
9:11,10:00,10:05,10:10
9:12,10:00,10:05,10:10
9:13,10:00,10:05,10:10
9:14,10:00,10:05,10:10
9:15,10:00,10:05,10:10
9:16,10:00,10:05,10:10
9:17,10:00,10:05,10:10
9:18,10:00,10:05,10:10
9:19,10:00,10:05,10:10
9:20,10:00,10:05,10:10
9:21,10:00,10:05,10:10
9:22,10:00,10:05,10:10
9:23,10:00,10:05,10:10
9:24,10:00,10:05,10:10
9:25,10:00,10:05,10:10
9:26,10:00,10:05,10:10
9:27,10:00,10:05,10:10
9:28,10:00,10:05,10:10
9:29,10:00,10:05,10:10
9:30,10:00,10:05,10:10
9:31,10:00,10:05,10:10
9:32,10:00,10:05,10:10
9:33,10:00,10:05,10:10
9:34,10:00,10:05,10:10
9:35,10:00,10:05,10:10
9:36,10:00,10:05,10:10
9:37,10:00,10:05,10:10
9:38,10:00,10:05,10:10
9:39,10:00,10:05,10:10
9:40,10:00,10:05,10:10
9:41,10:00,10:05,10:10
9:42,10:00,10:05,10:10
9:43,10:00,10:05,10:10
9:44,10:00,10:05,10:10
9:45,10:00,10:05,10:10
9:46,10:00,10:05,10:10
9:47,10:00,10:05,10:10
9:48,10:00,10:05,10:10
9:49,10:00,10:05,10:10
9:50,10:00,10:05,10:10
9:51,10:00,10:05,10:10
9:52,10:00,10:05,10:10
9:53,10:00,10:05,10:10
9:54,10:00,10:05,10:10
9:55,10:00,10:05,10:10
9:56,10:00,10:05,10:10
9:57,10:00,10:05,10:10
9:58,10:00,10:05,10:10
9:59,10:00,10:05,10:10
10:00,10:05,10:10,12:30
10:01,10:05,10:10,12:30
10:02,10:05,10:10,12:30
10:03,10:05,10:10,12:30
10:04,10:05,10:10,12:30
10:05,10:10,12:30,12:40
10:06,10:10,12:30,12:40
10:07,10:10,12:30,12:40
10:08,10:10,12:30,12:40
10:09,10:10,12:30,12:40
10:10,12:30,12:40,14:30
10:11,12:30,12:40,14:30
10:12,12:30,12:40,14:30
10:13,12:30,12:40,14:30
10:14,12:30,12:40,14:30
10:15,12:30,12:40,14:30
10:16,12:30,12:40,14:30
10:17,12:30,12:40,14:30
10:18,12:30,12:40,14:30
10:19,12:30,12:40,14:30
10:20,12:30,12:40,14:30
10:21,12:30,12:40,14:30
10:22,12:30,12:40,14:30
10:23,12:30,12:40,14:30
10:24,12:30,12:40,14:30
10:25,12:30,12:40,14:30
10:26,12:30,12:40,14:30
10:27,12:30,12:40,14:30
10:28,12:30,12:40,14:30
10:29,12:30,12:40,14:30
10:30,12:30,12:40,14:30
10:31,12:30,12:40,14:30
10:32,12:30,12:40,14:30
10:33,12:30,12:40,14:30
10:34,12:30,12:40,14:30
10:35,12:30,12:40,14:30
10:36,12:30,12:40,14:30
10:37,12:30,12:40,14:30
10:38,12:30,12:40,14:30
10:39,12:30,12:40,14:30
10:40,12:30,12:40,14:30
10:41,12:30,12:40,14:30
10:42,12:30,12:40,14:30
10:43,12:30,12:40,14:30
10:44,12:30,12:40,14:30
10:45,12:30,12:40,14:30
10:46,12:30,12:40,14:30
10:47,12:30,12:40,14:30
10:48,12:30,12:40,14:30
10:49,12:30,12:40,14:30
10:50,12:30,12:40,14:30
10:51,12:30,12:40,14:30
10:52,12:30,12:40,14:30
10:53,12:30,12:40,14:30
10:54,12:30,12:40,14:30
10:55,12:30,12:40,14:30
10:56,12:30,12:40,14:30
10:57,12:30,12:40,14:30
10:58,12:30,12:40,14:30
10:59,12:30,12:40,14:30
11:00,12:30,12:40,14:30
11:01,12:30,12:40,14:30
11:02,12:30,12:40,14:30
11:03,12:30,12:40,14:30
11:04,12:30,12:40,14:30
11:05,12:30,12:40,14:30
11:06,12:30,12:40,14:30
11:07,12:30,12:40,14:30
11:08,12:30,12:40,14:30
11:09,12:30,12:40,14:30
11:10,12:30,12:40,14:30
11:11,12:30,12:40,14:30
11:12,12:30,12:40,14:30
11:13,12:30,12:40,14:30
11:14,12:30,12:40,14:30
11:15,12:30,12:40,14:30
11:16,12:30,12:40,14:30
11:17,12:30,12:40,14:30
11:18,12:30,12:40,14:30
11:19,12:30,12:40,14:30
11:20,12:30,12:40,14:30
11:21,12:30,12:40,14:30
11:22,12:30,12:40,14:30
11:23,12:30,12:40,14:30
11:24,12:30,12:40,14:30
11:25,12:30,12:40,14:30
11:26,12:30,12:40,14:30
11:27,12:30,12:40,14:30
11:28,12:30,12:40,14:30
11:29,12:30,12:40,14:30
11:30,12:30,12:40,14:30
11:31,12:30,12:40,14:30
11:32,12:30,12:40,14:30
11:33,12:30,12:40,14:30
11:34,12:30,12:40,14:30
11:35,12:30,12:40,14:30
11:36,12:30,12:40,14:30
11:37,12:30,12:40,14:30
11:38,12:30,12:40,14:30
11:39,12:30,12:40,14:30
11:40,12:30,12:40,14:30
11:41,12:30,12:40,14:30
11:42,12:30,12:40,14:30
11:43,12:30,12:40,14:30
11:44,12:30,12:40,14:30
11:45,12:30,12:40,14:30
11:46,12:30,12:40,14:30
11:47,12:30,12:40,14:30
11:48,12:30,12:40,14:30
11:49,12:30,12:40,14:30
11:50,12:30,12:40,14:30
11:51,12:30,12:40,14:30
11:52,12:30,12:40,14:30
11:53,12:30,12:40,14:30
11:54,12:30,12:40,14:30
11:55,12:30,12:40,14:30
11:56,12:30,12:40,14:30
11:57,12:30,12:40,14:30
11:58,12:30,12:40,14:30
11:59,12:30,12:40,14:30
12:00,12:30,12:40,14:30
12:01,12:30,12:40,14:30
12:02,12:30,12:40,14:30
12:03,12:30,12:40,14:30
12:04,12:30,12:40,14:30
12:05,12:30,12:40,14:30
12:06,12:30,12:40,14:30
12:07,12:30,12:40,14:30
12:08,12:30,12:40,14:30
12:09,12:30,12:40,14:30
12:10,12:30,12:40,14:30
12:11,12:30,12:40,14:30
12:12,12:30,12:40,14:30
12:13,12:30,12:40,14:30
12:14,12:30,12:40,14:30
12:15,12:30,12:40,14:30
12:16,12:30,12:40,14:30
12:17,12:30,12:40,14:30
12:18,12:30,12:40,14:30
12:19,12:30,12:40,14:30
12:20,12:30,12:40,14:30
12:21,12:30,12:40,14:30
12:22,12:30,12:40,14:30
12:23,12:30,12:40,14:30
12:24,12:30,12:40,14:30
12:25,12:30,12:40,14:30
12:26,12:30,12:40,14:30
12:27,12:30,12:40,14:30
12:28,12:30,12:40,14:30
12:29,12:30,12:40,14:30
12:30,12:40,14:30,16:20
12:31,12:40,14:30,16:20
12:32,12:40,14:30,16:20
12:33,12:40,14:30,16:20
12:34,12:40,14:30,16:20
12:35,12:40,14:30,16:20
12:36,12:40,14:30,16:20
12:37,12:40,14:30,16:20
12:38,12:40,14:30,16:20
12:39,12:40,14:30,16:20
12:40,14:30,16:20,これ以降の運行時刻はありません。
12:41,14:30,16:20,これ以降の運行時刻はありません。
12:42,14:30,16:20,これ以降の運行時刻はありません。
12:43,14:30,16:20,これ以降の運行時刻はありません。
12:44,14:30,16:20,これ以降の運行時刻はありません。
12:45,14:30,16:20,これ以降の運行時刻はありません。
12:46,14:30,16:20,これ以降の運行時刻はありません。
12:47,14:30,16:20,これ以降の運行時刻はありません。
12:48,14:30,16:20,これ以降の運行時刻はありません。
12:49,14:30,16:20,これ以降の運行時刻はありません。
12:50,14:30,16:20,これ以降の運行時刻はありません。
12:51,14:30,16:20,これ以降の運行時刻はありません。
12:52,14:30,16:20,これ以降の運行時刻はありません。
12:53,14:30,16:20,これ以降の運行時刻はありません。
12:54,14:30,16:20,これ以降の運行時刻はありません。
12:55,14:30,16:20,これ以降の運行時刻はありません。
12:56,14:30,16:20,これ以降の運行時刻はありません。
12:57,14:30,16:20,これ以降の運行時刻はありません。
12:58,14:30,16:20,これ以降の運行時刻はありません。
12:59,14:30,16:20,これ以降の運行時刻はありません。
13:00,14:30,16:20,これ以降の運行時刻はありません。
13:01,14:30,16:20,これ以降の運行時刻はありません。
13:02,14:30,16:20,これ以降の運行時刻はありません。
13:03,14:30,16:20,これ以降の運行時刻はありません。
13:04,14:30,16:20,これ以降の運行時刻はありません。
13:05,14:30,16:20,これ以降の運行時刻はありません。
13:06,14:30,16:20,これ以降の運行時刻はありません。
13:07,14:30,16:20,これ以降の運行時刻はありません。
13:08,14:30,16:20,これ以降の運行時刻はありません。
13:09,14:30,16:20,これ以降の運行時刻はありません。
13:10,14:30,16:20,これ以降の運行時刻はありません。
13:11,14:30,16:20,これ以降の運行時刻はありません。
13:12,14:30,16:20,これ以降の運行時刻はありません。
13:13,14:30,16:20,これ以降の運行時刻はありません。
13:14,14:30,16:20,これ以降の運行時刻はありません。
13:15,14:30,16:20,これ以降の運行時刻はありません。
13:16,14:30,16:20,これ以降の運行時刻はありません。
13:17,14:30,16:20,これ以降の運行時刻はありません。
13:18,14:30,16:20,これ以降の運行時刻はありません。
13:19,14:30,16:20,これ以降の運行時刻はありません。
13:20,14:30,16:20,これ以降の運行時刻はありません。
13:21,14:30,16:20,これ以降の運行時刻はありません。
13:22,14:30,16:20,これ以降の運行時刻はありません。
13:23,14:30,16:20,これ以降の運行時刻はありません。
13:24,14:30,16:20,これ以降の運行時刻はありません。
13:25,14:30,16:20,これ以降の運行時刻はありません。
13:26,14:30,16:20,これ以降の運行時刻はありません。
13:27,14:30,16:20,これ以降の運行時刻はありません。
13:28,14:30,16:20,これ以降の運行時刻はありません。
13:29,14:30,16:20,これ以降の運行時刻はありません。
13:30,14:30,16:20,これ以降の運行時刻はありません。
13:31,14:30,16:20,これ以降の運行時刻はありません。
13:32,14:30,16:20,これ以降の運行時刻はありません。
13:33,14:30,16:20,これ以降の運行時刻はありません。
13:34,14:30,16:20,これ以降の運行時刻はありません。
13:35,14:30,16:20,これ以降の運行時刻はありません。
13:36,14:30,16:20,これ以降の運行時刻はありません。
13:37,14:30,16:20,これ以降の運行時刻はありません。
13:38,14:30,16:20,これ以降の運行時刻はありません。
13:39,14:30,16:20,これ以降の運行時刻はありません。
13:40,14:30,16:20,これ以降の運行時刻はありません。
13:41,14:30,16:20,これ以降の運行時刻はありません。
13:42,14:30,16:20,これ以降の運行時刻はありません。
13:43,14:30,16:20,これ以降の運行時刻はありません。
13:44,14:30,16:20,これ以降の運行時刻はありません。
13:45,14:30,16:20,これ以降の運行時刻はありません。
13:46,14:30,16:20,これ以降の運行時刻はありません。
13:47,14:30,16:20,これ以降の運行時刻はありません。
13:48,14:30,16:20,これ以降の運行時刻はありません。
13:49,14:30,16:20,これ以降の運行時刻はありません。
13:50,14:30,16:20,これ以降の運行時刻はありません。
13:51,14:30,16:20,これ以降の運行時刻はありません。
13:52,14:30,16:20,これ以降の運行時刻はありません。
13:53,14:30,16:20,これ以降の運行時刻はありません。
13:54,14:30,16:20,これ以降の運行時刻はありません。
13:55,14:30,16:20,これ以降の運行時刻はありません。
13:56,14:30,16:20,これ以降の運行時刻はありません。
13:57,14:30,16:20,これ以降の運行時刻はありません。
13:58,14:30,16:20,これ以降の運行時刻はありません。
13:59,14:30,16:20,これ以降の運行時刻はありません。
14:00,14:30,16:20,これ以降の運行時刻はありません。
14:01,14:30,16:20,これ以降の運行時刻はありません。
14:02,14:30,16:20,これ以降の運行時刻はありません。
14:03,14:30,16:20,これ以降の運行時刻はありません。
14:04,14:30,16:20,これ以降の運行時刻はありません。
14:05,14:30,16:20,これ以降の運行時刻はありません。
14:06,14:30,16:20,これ以降の運行時刻はありません。
14:07,14:30,16:20,これ以降の運行時刻はありません。
14:08,14:30,16:20,これ以降の運行時刻はありません。
14:09,14:30,16:20,これ以降の運行時刻はありません。
14:10,14:30,16:20,これ以降の運行時刻はありません。
14:11,14:30,16:20,これ以降の運行時刻はありません。
14:12,14:30,16:20,これ以降の運行時刻はありません。
14:13,14:30,16:20,これ以降の運行時刻はありません。
14:14,14:30,16:20,これ以降の運行時刻はありません。
14:15,14:30,16:20,これ以降の運行時刻はありません。
14:16,14:30,16:20,これ以降の運行時刻はありません。
14:17,14:30,16:20,これ以降の運行時刻はありません。
14:18,14:30,16:20,これ以降の運行時刻はありません。
14:19,14:30,16:20,これ以降の運行時刻はありません。
14:20,14:30,16:20,これ以降の運行時刻はありません。
14:21,14:30,16:20,これ以降の運行時刻はありません。
14:22,14:30,16:20,これ以降の運行時刻はありません。
14:23,14:30,16:20,これ以降の運行時刻はありません。
14:24,14:30,16:20,これ以降の運行時刻はありません。
14:25,14:30,16:20,これ以降の運行時刻はありません。
14:26,14:30,16:20,これ以降の運行時刻はありません。
14:27,14:30,16:20,これ以降の運行時刻はありません。
14:28,14:30,16:20,これ以降の運行時刻はありません。
14:29,14:30,16:20,これ以降の運行時刻はありません。
14:30,16:20,これ以降の運行時刻はありません。,
14:31,16:20,これ以降の運行時刻はありません。,
14:32,16:20,これ以降の運行時刻はありません。,
14:33,16:20,これ以降の運行時刻はありません。,
14:34,16:20,これ以降の運行時刻はありません。,
14:35,16:20,これ以降の運行時刻はありません。,
14:36,16:20,これ以降の運行時刻はありません。,
14:37,16:20,これ以降の運行時刻はありません。,
14:38,16:20,これ以降の運行時刻はありません。,
14:39,16:20,これ以降の運行時刻はありません。,
14:40,16:20,これ以降の運行時刻はありません。,
14:41,16:20,これ以降の運行時刻はありません。,
14:42,16:20,これ以降の運行時刻はありません。,
14:43,16:20,これ以降の運行時刻はありません。,
14:44,16:20,これ以降の運行時刻はありません。,
14:45,16:20,これ以降の運行時刻はありません。,
14:46,16:20,これ以降の運行時刻はありません。,
14:47,16:20,これ以降の運行時刻はありません。,
14:48,16:20,これ以降の運行時刻はありません。,
14:49,16:20,これ以降の運行時刻はありません。,
14:50,16:20,これ以降の運行時刻はありません。,
14:51,16:20,これ以降の運行時刻はありません。,
14:52,16:20,これ以降の運行時刻はありません。,
14:53,16:20,これ以降の運行時刻はありません。,
14:54,16:20,これ以降の運行時刻はありません。,
14:55,16:20,これ以降の運行時刻はありません。,
14:56,16:20,これ以降の運行時刻はありません。,
14:57,16:20,これ以降の運行時刻はありません。,
14:58,16:20,これ以降の運行時刻はありません。,
14:59,16:20,これ以降の運行時刻はありません。,
15:00,16:20,これ以降の運行時刻はありません。,
15:01,16:20,これ以降の運行時刻はありません。,
15:02,16:20,これ以降の運行時刻はありません。,
15:03,16:20,これ以降の運行時刻はありません。,
15:04,16:20,これ以降の運行時刻はありません。,
15:05,16:20,これ以降の運行時刻はありません。,
15:06,16:20,これ以降の運行時刻はありません。,
15:07,16:20,これ以降の運行時刻はありません。,
15:08,16:20,これ以降の運行時刻はありません。,
15:09,16:20,これ以降の運行時刻はありません。,
15:10,16:20,これ以降の運行時刻はありません。,
15:11,16:20,これ以降の運行時刻はありません。,
15:12,16:20,これ以降の運行時刻はありません。,
15:13,16:20,これ以降の運行時刻はありません。,
15:14,16:20,これ以降の運行時刻はありません。,
15:15,16:20,これ以降の運行時刻はありません。,
15:16,16:20,これ以降の運行時刻はありません。,
15:17,16:20,これ以降の運行時刻はありません。,
15:18,16:20,これ以降の運行時刻はありません。,
15:19,16:20,これ以降の運行時刻はありません。,
15:20,16:20,これ以降の運行時刻はありません。,
15:21,16:20,これ以降の運行時刻はありません。,
15:22,16:20,これ以降の運行時刻はありません。,
15:23,16:20,これ以降の運行時刻はありません。,
15:24,16:20,これ以降の運行時刻はありません。,
15:25,16:20,これ以降の運行時刻はありません。,
15:26,16:20,これ以降の運行時刻はありません。,
15:27,16:20,これ以降の運行時刻はありません。,
15:28,16:20,これ以降の運行時刻はありません。,
15:29,16:20,これ以降の運行時刻はありません。,
15:30,16:20,これ以降の運行時刻はありません。,
15:31,16:20,これ以降の運行時刻はありません。,
15:32,16:20,これ以降の運行時刻はありません。,
15:33,16:20,これ以降の運行時刻はありません。,
15:34,16:20,これ以降の運行時刻はありません。,
15:35,16:20,これ以降の運行時刻はありません。,
15:36,16:20,これ以降の運行時刻はありません。,
15:37,16:20,これ以降の運行時刻はありません。,
15:38,16:20,これ以降の運行時刻はありません。,
15:39,16:20,これ以降の運行時刻はありません。,
15:40,16:20,これ以降の運行時刻はありません。,
15:41,16:20,これ以降の運行時刻はありません。,
15:42,16:20,これ以降の運行時刻はありません。,
15:43,16:20,これ以降の運行時刻はありません。,
15:44,16:20,これ以降の運行時刻はありません。,
15:45,16:20,これ以降の運行時刻はありません。,
15:46,16:20,これ以降の運行時刻はありません。,
15:47,16:20,これ以降の運行時刻はありません。,
15:48,16:20,これ以降の運行時刻はありません。,
15:49,16:20,これ以降の運行時刻はありません。,
15:50,16:20,これ以降の運行時刻はありません。,
15:51,16:20,これ以降の運行時刻はありません。,
15:52,16:20,これ以降の運行時刻はありません。,
15:53,16:20,これ以降の運行時刻はありません。,
15:54,16:20,これ以降の運行時刻はありません。,
15:55,16:20,これ以降の運行時刻はありません。,
15:56,16:20,これ以降の運行時刻はありません。,
15:57,16:20,これ以降の運行時刻はありません。,
15:58,16:20,これ以降の運行時刻はありません。,
15:59,16:20,これ以降の運行時刻はありません。,
16:00,16:20,これ以降の運行時刻はありません。,
16:01,16:20,これ以降の運行時刻はありません。,
16:02,16:20,これ以降の運行時刻はありません。,
16:03,16:20,これ以降の運行時刻はありません。,
16:04,16:20,これ以降の運行時刻はありません。,
16:05,16:20,これ以降の運行時刻はありません。,
16:06,16:20,これ以降の運行時刻はありません。,
16:07,16:20,これ以降の運行時刻はありません。,
16:08,16:20,これ以降の運行時刻はありません。,
16:09,16:20,これ以降の運行時刻はありません。,
16:10,16:20,これ以降の運行時刻はありません。,
16:11,16:20,これ以降の運行時刻はありません。,
16:12,16:20,これ以降の運行時刻はありません。,
16:13,16:20,これ以降の運行時刻はありません。,
16:14,16:20,これ以降の運行時刻はありません。,
16:15,16:20,これ以降の運行時刻はありません。,
16:16,16:20,これ以降の運行時刻はありません。,
16:17,16:20,これ以降の運行時刻はありません。,
16:18,16:20,これ以降の運行時刻はありません。,
16:19,16:20,これ以降の運行時刻はありません。,
16:20,16:20,これ以降の運行時刻はありません。,
16:21,本日の運行は終了しました。,　　,
16:22,本日の運行は終了しました。,　　,
16:23,本日の運行は終了しました。,　　,
16:24,本日の運行は終了しました。,　　,
16:25,本日の運行は終了しました。,　　,
16:26,本日の運行は終了しました。,　　,
16:27,本日の運行は終了しました。,　　,
16:28,本日の運行は終了しました。,　　,
16:29,本日の運行は終了しました。,　　,
16:30,本日の運行は終了しました。,　　,
16:31,本日の運行は終了しました。,　　,
16:32,本日の運行は終了しました。,　　,
16:33,本日の運行は終了しました。,　　,
16:34,本日の運行は終了しました。,　　,
16:35,本日の運行は終了しました。,　　,
16:36,本日の運行は終了しました。,　　,
16:37,本日の運行は終了しました。,　　,
16:38,本日の運行は終了しました。,　　,
16:39,本日の運行は終了しました。,　　,
16:40,本日の運行は終了しました。,　　,
16:41,本日の運行は終了しました。,　　,
16:42,本日の運行は終了しました。,　　,
16:43,本日の運行は終了しました。,　　,
16:44,本日の運行は終了しました。,　　,
16:45,本日の運行は終了しました。,　　,
16:46,本日の運行は終了しました。,　　,
16:47,本日の運行は終了しました。,　　,
16:48,本日の運行は終了しました。,　　,
16:49,本日の運行は終了しました。,　　,
16:50,本日の運行は終了しました。,　　,
16:51,本日の運行は終了しました。,　　,
16:52,本日の運行は終了しました。,　　,
16:53,本日の運行は終了しました。,　　,
16:54,本日の運行は終了しました。,　　,
16:55,本日の運行は終了しました。,　　,
16:56,本日の運行は終了しました。,　　,
16:57,本日の運行は終了しました。,　　,
16:58,本日の運行は終了しました。,　　,
16:59,本日の運行は終了しました。,　　,
17:00,本日の運行は終了しました。,　　,
17:01,本日の運行は終了しました。,　　,
17:02,本日の運行は終了しました。,　　,
17:03,本日の運行は終了しました。,　　,
17:04,本日の運行は終了しました。,　　,
17:05,本日の運行は終了しました。,　　,
17:06,本日の運行は終了しました。,　　,
17:07,本日の運行は終了しました。,　　,
17:08,本日の運行は終了しました。,　　,
17:09,本日の運行は終了しました。,　　,
17:10,本日の運行は終了しました。,　　,
17:11,本日の運行は終了しました。,　　,
17:12,本日の運行は終了しました。,　　,
17:13,本日の運行は終了しました。,　　,
17:14,本日の運行は終了しました。,　　,
17:15,本日の運行は終了しました。,　　,
17:16,本日の運行は終了しました。,　　,
17:17,本日の運行は終了しました。,　　,
17:18,本日の運行は終了しました。,　　,
17:19,本日の運行は終了しました。,　　,
17:20,本日の運行は終了しました。,　　,
17:21,本日の運行は終了しました。,　　,
17:22,本日の運行は終了しました。,　　,
17:23,本日の運行は終了しました。,　　,
17:24,本日の運行は終了しました。,　　,
17:25,本日の運行は終了しました。,　　,
17:26,本日の運行は終了しました。,　　,
17:27,本日の運行は終了しました。,　　,
17:28,本日の運行は終了しました。,　　,
17:29,本日の運行は終了しました。,　　,
17:30,本日の運行は終了しました。,　　,
17:31,本日の運行は終了しました。,　　,
17:32,本日の運行は終了しました。,　　,
17:33,本日の運行は終了しました。,　　,
17:34,本日の運行は終了しました。,　　,
17:35,本日の運行は終了しました。,　　,
17:36,本日の運行は終了しました。,　　,
17:37,本日の運行は終了しました。,　　,
17:38,本日の運行は終了しました。,　　,
17:39,本日の運行は終了しました。,　　,
17:40,本日の運行は終了しました。,　　,
17:41,本日の運行は終了しました。,　　,
17:42,本日の運行は終了しました。,　　,
17:43,本日の運行は終了しました。,　　,
17:44,本日の運行は終了しました。,　　,
17:45,本日の運行は終了しました。,　　,
17:46,本日の運行は終了しました。,　　,
17:47,本日の運行は終了しました。,　　,
17:48,本日の運行は終了しました。,　　,
17:49,本日の運行は終了しました。,　　,
17:50,本日の運行は終了しました。,　　,
17:51,本日の運行は終了しました。,　　,
17:52,本日の運行は終了しました。,　　,
17:53,本日の運行は終了しました。,　　,
17:54,本日の運行は終了しました。,　　,
17:55,本日の運行は終了しました。,　　,
17:56,本日の運行は終了しました。,　　,
17:57,本日の運行は終了しました。,　　,
17:58,本日の運行は終了しました。,　　,
17:59,本日の運行は終了しました。,　　,
18:00,本日の運行は終了しました。,　　,
18:01,本日の運行は終了しました。,　　,
18:02,本日の運行は終了しました。,　　,
18:03,本日の運行は終了しました。,　　,
18:04,本日の運行は終了しました。,　　,
18:05,本日の運行は終了しました。,　　,
18:06,本日の運行は終了しました。,　　,
18:07,本日の運行は終了しました。,　　,
18:08,本日の運行は終了しました。,　　,
18:09,本日の運行は終了しました。,　　,
18:10,本日の運行は終了しました。,　　,
18:11,本日の運行は終了しました。,　　,
18:12,本日の運行は終了しました。,　　,
18:13,本日の運行は終了しました。,　　,
18:14,本日の運行は終了しました。,　　,
18:15,本日の運行は終了しました。,　　,
18:16,本日の運行は終了しました。,　　,
18:17,本日の運行は終了しました。,　　,
18:18,本日の運行は終了しました。,　　,
18:19,本日の運行は終了しました。,　　,
18:20,本日の運行は終了しました。,　　,
18:21,本日の運行は終了しました。,　　,
18:22,本日の運行は終了しました。,　　,
18:23,本日の運行は終了しました。,　　,
18:24,本日の運行は終了しました。,　　,
18:25,本日の運行は終了しました。,　　,
18:26,本日の運行は終了しました。,　　,
18:27,本日の運行は終了しました。,　　,
18:28,本日の運行は終了しました。,　　,
18:29,本日の運行は終了しました。,　　,
18:30,本日の運行は終了しました。,　　,
18:31,本日の運行は終了しました。,　　,
18:32,本日の運行は終了しました。,　　,
18:33,本日の運行は終了しました。,　　,
18:34,本日の運行は終了しました。,　　,
18:35,本日の運行は終了しました。,　　,
18:36,本日の運行は終了しました。,　　,
18:37,本日の運行は終了しました。,　　,
18:38,本日の運行は終了しました。,　　,
18:39,本日の運行は終了しました。,　　,
18:40,本日の運行は終了しました。,　　,
18:41,本日の運行は終了しました。,　　,
18:42,本日の運行は終了しました。,　　,
18:43,本日の運行は終了しました。,　　,
18:44,本日の運行は終了しました。,　　,
18:45,本日の運行は終了しました。,　　,
18:46,本日の運行は終了しました。,　　,
18:47,本日の運行は終了しました。,　　,
18:48,本日の運行は終了しました。,　　,
18:49,本日の運行は終了しました。,　　,
18:50,本日の運行は終了しました。,　　,
18:51,本日の運行は終了しました。,　　,
18:52,本日の運行は終了しました。,　　,
18:53,本日の運行は終了しました。,　　,
18:54,本日の運行は終了しました。,　　,
18:55,本日の運行は終了しました。,　　,
18:56,本日の運行は終了しました。,　　,
18:57,本日の運行は終了しました。,　　,
18:58,本日の運行は終了しました。,　　,
18:59,本日の運行は終了しました。,　　,
19:00,本日の運行は終了しました。,　　,
19:01,本日の運行は終了しました。,　　,
19:02,本日の運行は終了しました。,　　,
19:03,本日の運行は終了しました。,　　,
19:04,本日の運行は終了しました。,　　,
19:05,本日の運行は終了しました。,　　,
19:06,本日の運行は終了しました。,　　,
19:07,本日の運行は終了しました。,　　,
19:08,本日の運行は終了しました。,　　,
19:09,本日の運行は終了しました。,　　,
19:10,本日の運行は終了しました。,　　,
19:11,本日の運行は終了しました。,　　,
19:12,本日の運行は終了しました。,　　,
19:13,本日の運行は終了しました。,　　,
19:14,本日の運行は終了しました。,　　,
19:15,本日の運行は終了しました。,　　,
19:16,本日の運行は終了しました。,　　,
19:17,本日の運行は終了しました。,　　,
19:18,本日の運行は終了しました。,　　,
19:19,本日の運行は終了しました。,　　,
19:20,本日の運行は終了しました。,　　,
19:21,本日の運行は終了しました。,　　,
19:22,本日の運行は終了しました。,　　,
19:23,本日の運行は終了しました。,　　,
19:24,本日の運行は終了しました。,　　,
19:25,本日の運行は終了しました。,　　,
19:26,本日の運行は終了しました。,　　,
19:27,本日の運行は終了しました。,　　,
19:28,本日の運行は終了しました。,　　,
19:29,本日の運行は終了しました。,　　,
19:30,本日の運行は終了しました。,　　,
19:31,本日の運行は終了しました。,　　,
19:32,本日の運行は終了しました。,　　,
19:33,本日の運行は終了しました。,　　,
19:34,本日の運行は終了しました。,　　,
19:35,本日の運行は終了しました。,　　,
19:36,本日の運行は終了しました。,　　,
19:37,本日の運行は終了しました。,　　,
19:38,本日の運行は終了しました。,　　,
19:39,本日の運行は終了しました。,　　,
19:40,本日の運行は終了しました。,　　,
19:41,本日の運行は終了しました。,　　,
19:42,本日の運行は終了しました。,　　,
19:43,本日の運行は終了しました。,　　,
19:44,本日の運行は終了しました。,　　,
19:45,本日の運行は終了しました。,　　,
19:46,本日の運行は終了しました。,　　,
19:47,本日の運行は終了しました。,　　,
19:48,本日の運行は終了しました。,　　,
19:49,本日の運行は終了しました。,　　,
19:50,本日の運行は終了しました。,　　,
19:51,本日の運行は終了しました。,　　,
19:52,本日の運行は終了しました。,　　,
19:53,本日の運行は終了しました。,　　,
19:54,本日の運行は終了しました。,　　,
19:55,本日の運行は終了しました。,　　,
19:56,本日の運行は終了しました。,　　,
19:57,本日の運行は終了しました。,　　,
19:58,本日の運行は終了しました。,　　,
19:59,本日の運行は終了しました。,　　,
20:00,本日の運行は終了しました。,　　,
20:01,本日の運行は終了しました。,　　,
20:02,本日の運行は終了しました。,　　,
20:03,本日の運行は終了しました。,　　,
20:04,本日の運行は終了しました。,　　,
20:05,本日の運行は終了しました。,　　,
20:06,本日の運行は終了しました。,　　,
20:07,本日の運行は終了しました。,　　,
20:08,本日の運行は終了しました。,　　,
20:09,本日の運行は終了しました。,　　,
20:10,本日の運行は終了しました。,　　,
20:11,本日の運行は終了しました。,　　,
20:12,本日の運行は終了しました。,　　,
20:13,本日の運行は終了しました。,　　,
20:14,本日の運行は終了しました。,　　,
20:15,本日の運行は終了しました。,　　,
20:16,本日の運行は終了しました。,　　,
20:17,本日の運行は終了しました。,　　,
20:18,本日の運行は終了しました。,　　,
20:19,本日の運行は終了しました。,　　,
20:20,本日の運行は終了しました。,　　,
20:21,本日の運行は終了しました。,　　,
20:22,本日の運行は終了しました。,　　,
20:23,本日の運行は終了しました。,　　,
20:24,本日の運行は終了しました。,　　,
20:25,本日の運行は終了しました。,　　,
20:26,本日の運行は終了しました。,　　,
20:27,本日の運行は終了しました。,　　,
20:28,本日の運行は終了しました。,　　,
20:29,本日の運行は終了しました。,　　,
20:30,本日の運行は終了しました。,　　,
20:31,本日の運行は終了しました。,　　,
20:32,本日の運行は終了しました。,　　,
20:33,本日の運行は終了しました。,　　,
20:34,本日の運行は終了しました。,　　,
20:35,本日の運行は終了しました。,　　,
20:36,本日の運行は終了しました。,　　,
20:37,本日の運行は終了しました。,　　,
20:38,本日の運行は終了しました。,　　,
20:39,本日の運行は終了しました。,　　,
20:40,本日の運行は終了しました。,　　,
20:41,本日の運行は終了しました。,　　,
20:42,本日の運行は終了しました。,　　,
20:43,本日の運行は終了しました。,　　,
20:44,本日の運行は終了しました。,　　,
20:45,本日の運行は終了しました。,　　,
20:46,本日の運行は終了しました。,　　,
20:47,本日の運行は終了しました。,　　,
20:48,本日の運行は終了しました。,　　,
20:49,本日の運行は終了しました。,　　,
20:50,本日の運行は終了しました。,　　,
20:51,本日の運行は終了しました。,　　,
20:52,本日の運行は終了しました。,　　,
20:53,本日の運行は終了しました。,　　,
20:54,本日の運行は終了しました。,　　,
20:55,本日の運行は終了しました。,　　,
20:56,本日の運行は終了しました。,　　,
20:57,本日の運行は終了しました。,　　,
20:58,本日の運行は終了しました。,　　,
20:59,本日の運行は終了しました。,　　,
21:00,本日の運行は終了しました。,　　,
21:01,本日の運行は終了しました。,　　,
21:02,本日の運行は終了しました。,　　,
21:03,本日の運行は終了しました。,　　,
21:04,本日の運行は終了しました。,　　,
21:05,本日の運行は終了しました。,　　,
21:06,本日の運行は終了しました。,　　,
21:07,本日の運行は終了しました。,　　,
21:08,本日の運行は終了しました。,　　,
21:09,本日の運行は終了しました。,　　,
21:10,本日の運行は終了しました。,　　,
21:11,本日の運行は終了しました。,　　,
21:12,本日の運行は終了しました。,　　,
21:13,本日の運行は終了しました。,　　,
21:14,本日の運行は終了しました。,　　,
21:15,本日の運行は終了しました。,　　,
21:16,本日の運行は終了しました。,　　,
21:17,本日の運行は終了しました。,　　,
21:18,本日の運行は終了しました。,　　,
21:19,本日の運行は終了しました。,　　,
21:20,本日の運行は終了しました。,　　,
21:21,本日の運行は終了しました。,　　,
21:22,本日の運行は終了しました。,　　,
21:23,本日の運行は終了しました。,　　,
21:24,本日の運行は終了しました。,　　,
21:25,本日の運行は終了しました。,　　,
21:26,本日の運行は終了しました。,　　,
21:27,本日の運行は終了しました。,　　,
21:28,本日の運行は終了しました。,　　,
21:29,本日の運行は終了しました。,　　,
21:30,本日の運行は終了しました。,　　,
21:31,本日の運行は終了しました。,　　,
21:32,本日の運行は終了しました。,　　,
21:33,本日の運行は終了しました。,　　,
21:34,本日の運行は終了しました。,　　,
21:35,本日の運行は終了しました。,　　,
21:36,本日の運行は終了しました。,　　,
21:37,本日の運行は終了しました。,　　,
21:38,本日の運行は終了しました。,　　,
21:39,本日の運行は終了しました。,　　,
21:40,本日の運行は終了しました。,　　,
21:41,本日の運行は終了しました。,　　,
21:42,本日の運行は終了しました。,　　,
21:43,本日の運行は終了しました。,　　,
21:44,本日の運行は終了しました。,　　,
21:45,本日の運行は終了しました。,　　,
21:46,本日の運行は終了しました。,　　,
21:47,本日の運行は終了しました。,　　,
21:48,本日の運行は終了しました。,　　,
21:49,本日の運行は終了しました。,　　,
21:50,本日の運行は終了しました。,　　,
21:51,本日の運行は終了しました。,　　,
21:52,本日の運行は終了しました。,　　,
21:53,本日の運行は終了しました。,　　,
21:54,本日の運行は終了しました。,　　,
21:55,本日の運行は終了しました。,　　,
21:56,本日の運行は終了しました。,　　,
21:57,本日の運行は終了しました。,　　,
21:58,本日の運行は終了しました。,　　,
21:59,本日の運行は終了しました。,　　,
22:00,本日の運行は終了しました。,　　,
22:01,本日の運行は終了しました。,　　,
22:02,本日の運行は終了しました。,　　,
22:03,本日の運行は終了しました。,　　,
22:04,本日の運行は終了しました。,　　,
22:05,本日の運行は終了しました。,　　,
22:06,本日の運行は終了しました。,　　,
22:07,本日の運行は終了しました。,　　,
22:08,本日の運行は終了しました。,　　,
22:09,本日の運行は終了しました。,　　,
22:10,本日の運行は終了しました。,　　,
22:11,本日の運行は終了しました。,　　,
22:12,本日の運行は終了しました。,　　,
22:13,本日の運行は終了しました。,　　,
22:14,本日の運行は終了しました。,　　,
22:15,本日の運行は終了しました。,　　,
22:16,本日の運行は終了しました。,　　,
22:17,本日の運行は終了しました。,　　,
22:18,本日の運行は終了しました。,　　,
22:19,本日の運行は終了しました。,　　,
22:20,本日の運行は終了しました。,　　,
22:21,本日の運行は終了しました。,　　,
22:22,本日の運行は終了しました。,　　,
22:23,本日の運行は終了しました。,　　,
22:24,本日の運行は終了しました。,　　,
22:25,本日の運行は終了しました。,　　,
22:26,本日の運行は終了しました。,　　,
22:27,本日の運行は終了しました。,　　,
22:28,本日の運行は終了しました。,　　,
22:29,本日の運行は終了しました。,　　,
22:30,本日の運行は終了しました。,　　,
22:31,本日の運行は終了しました。,　　,
22:32,本日の運行は終了しました。,　　,
22:33,本日の運行は終了しました。,　　,
22:34,本日の運行は終了しました。,　　,
22:35,本日の運行は終了しました。,　　,
22:36,本日の運行は終了しました。,　　,
22:37,本日の運行は終了しました。,　　,
22:38,本日の運行は終了しました。,　　,
22:39,本日の運行は終了しました。,　　,
22:40,本日の運行は終了しました。,　　,
22:41,本日の運行は終了しました。,　　,
22:42,本日の運行は終了しました。,　　,
22:43,本日の運行は終了しました。,　　,
22:44,本日の運行は終了しました。,　　,
22:45,本日の運行は終了しました。,　　,
22:46,本日の運行は終了しました。,　　,
22:47,本日の運行は終了しました。,　　,
22:48,本日の運行は終了しました。,　　,
22:49,本日の運行は終了しました。,　　,
22:50,本日の運行は終了しました。,　　,
22:51,本日の運行は終了しました。,　　,
22:52,本日の運行は終了しました。,　　,
22:53,本日の運行は終了しました。,　　,
22:54,本日の運行は終了しました。,　　,
22:55,本日の運行は終了しました。,　　,
22:56,本日の運行は終了しました。,　　,
22:57,本日の運行は終了しました。,　　,
22:58,本日の運行は終了しました。,　　,
22:59,本日の運行は終了しました。,　　,
23:00,本日の運行は終了しました。,　　,
23:01,本日の運行は終了しました。,　　,
23:02,本日の運行は終了しました。,　　,
23:03,本日の運行は終了しました。,　　,
23:04,本日の運行は終了しました。,　　,
23:05,本日の運行は終了しました。,　　,
23:06,本日の運行は終了しました。,　　,
23:07,本日の運行は終了しました。,　　,
23:08,本日の運行は終了しました。,　　,
23:09,本日の運行は終了しました。,　　,
23:10,本日の運行は終了しました。,　　,
23:11,本日の運行は終了しました。,　　,
23:12,本日の運行は終了しました。,　　,
23:13,本日の運行は終了しました。,　　,
23:14,本日の運行は終了しました。,　　,
23:15,本日の運行は終了しました。,　　,
23:16,本日の運行は終了しました。,　　,
23:17,本日の運行は終了しました。,　　,
23:18,本日の運行は終了しました。,　　,
23:19,本日の運行は終了しました。,　　,
23:20,本日の運行は終了しました。,　　,
23:21,本日の運行は終了しました。,　　,
23:22,本日の運行は終了しました。,　　,
23:23,本日の運行は終了しました。,　　,
23:24,本日の運行は終了しました。,　　,
23:25,本日の運行は終了しました。,　　,
23:26,本日の運行は終了しました。,　　,
23:27,本日の運行は終了しました。,　　,
23:28,本日の運行は終了しました。,　　,
23:29,本日の運行は終了しました。,　　,
23:30,本日の運行は終了しました。,　　,
23:31,本日の運行は終了しました。,　　,
23:32,本日の運行は終了しました。,　　,
23:33,本日の運行は終了しました。,　　,
23:34,本日の運行は終了しました。,　　,
23:35,本日の運行は終了しました。,　　,
23:36,本日の運行は終了しました。,　　,
23:37,本日の運行は終了しました。,　　,
23:38,本日の運行は終了しました。,　　,
23:39,本日の運行は終了しました。,　　,
23:40,本日の運行は終了しました。,　　,
23:41,本日の運行は終了しました。,　　,
23:42,本日の運行は終了しました。,　　,
23:43,本日の運行は終了しました。,　　,
23:44,本日の運行は終了しました。,　　,
23:45,本日の運行は終了しました。,　　,
23:46,本日の運行は終了しました。,　　,
23:47,本日の運行は終了しました。,　　,
23:48,本日の運行は終了しました。,　　,
23:49,本日の運行は終了しました。,　　,
23:50,本日の運行は終了しました。,　　,
23:51,本日の運行は終了しました。,　　,
23:52,本日の運行は終了しました。,　　,
23:53,本日の運行は終了しました。,　　,
23:54,本日の運行は終了しました。,　　,
23:55,本日の運行は終了しました。,　　,
23:56,本日の運行は終了しました。,　　,
23:57,本日の運行は終了しました。,　　,
23:58,本日の運行は終了しました。,　　,
23:59,本日の運行は終了しました。,　　,
0:00,8:05,8:15,8:20
0:01,8:05,8:15,8:20
0:02,8:05,8:15,8:20
0:03,8:05,8:15,8:20
0:04,8:05,8:15,8:20
0:05,8:05,8:15,8:20
0:06,8:05,8:15,8:20
0:07,8:05,8:15,8:20
0:08,8:05,8:15,8:20
0:09,8:05,8:15,8:20
0:10,8:05,8:15,8:20
0:11,8:05,8:15,8:20
0:12,8:05,8:15,8:20
0:13,8:05,8:15,8:20
0:14,8:05,8:15,8:20
0:15,8:05,8:15,8:20
0:16,8:05,8:15,8:20
0:17,8:05,8:15,8:20
0:18,8:05,8:15,8:20
0:19,8:05,8:15,8:20
0:20,8:05,8:15,8:20
0:21,8:05,8:15,8:20
0:22,8:05,8:15,8:20
0:23,8:05,8:15,8:20
0:24,8:05,8:15,8:20
0:25,8:05,8:15,8:20
0:26,8:05,8:15,8:20
0:27,8:05,8:15,8:20
0:28,8:05,8:15,8:20
0:29,8:05,8:15,8:20
0:30,8:05,8:15,8:20
0:31,8:05,8:15,8:20
0:32,8:05,8:15,8:20
0:33,8:05,8:15,8:20
0:34,8:05,8:15,8:20
0:35,8:05,8:15,8:20
0:36,8:05,8:15,8:20
0:37,8:05,8:15,8:20
0:38,8:05,8:15,8:20
0:39,8:05,8:15,8:20
0:40,8:05,8:15,8:20
0:41,8:05,8:15,8:20
0:42,8:05,8:15,8:20
0:43,8:05,8:15,8:20
0:44,8:05,8:15,8:20
0:45,8:05,8:15,8:20
0:46,8:05,8:15,8:20
0:47,8:05,8:15,8:20
0:48,8:05,8:15,8:20
0:49,8:05,8:15,8:20
0:50,8:05,8:15,8:20
0:51,8:05,8:15,8:20
0:52,8:05,8:15,8:20
0:53,8:05,8:15,8:20
0:54,8:05,8:15,8:20
0:55,8:05,8:15,8:20
0:56,8:05,8:15,8:20
0:57,8:05,8:15,8:20
0:58,8:05,8:15,8:20
0:59,8:05,8:15,8:20
1:00,8:05,8:15,8:20
1:01,8:05,8:15,8:20
1:02,8:05,8:15,8:20
1:03,8:05,8:15,8:20
1:04,8:05,8:15,8:20
1:05,8:05,8:15,8:20
1:06,8:05,8:15,8:20
1:07,8:05,8:15,8:20
1:08,8:05,8:15,8:20
1:09,8:05,8:15,8:20
1:10,8:05,8:15,8:20
1:11,8:05,8:15,8:20
1:12,8:05,8:15,8:20
1:13,8:05,8:15,8:20
1:14,8:05,8:15,8:20
1:15,8:05,8:15,8:20
1:16,8:05,8:15,8:20
1:17,8:05,8:15,8:20
1:18,8:05,8:15,8:20
1:19,8:05,8:15,8:20
1:20,8:05,8:15,8:20
1:21,8:05,8:15,8:20
1:22,8:05,8:15,8:20
1:23,8:05,8:15,8:20
1:24,8:05,8:15,8:20
1:25,8:05,8:15,8:20
1:26,8:05,8:15,8:20
1:27,8:05,8:15,8:20
1:28,8:05,8:15,8:20
1:29,8:05,8:15,8:20
1:30,8:05,8:15,8:20
1:31,8:05,8:15,8:20
1:32,8:05,8:15,8:20
1:33,8:05,8:15,8:20
1:34,8:05,8:15,8:20
1:35,8:05,8:15,8:20
1:36,8:05,8:15,8:20
1:37,8:05,8:15,8:20
1:38,8:05,8:15,8:20
1:39,8:05,8:15,8:20
1:40,8:05,8:15,8:20
1:41,8:05,8:15,8:20
1:42,8:05,8:15,8:20
1:43,8:05,8:15,8:20
1:44,8:05,8:15,8:20
1:45,8:05,8:15,8:20
1:46,8:05,8:15,8:20
1:47,8:05,8:15,8:20
1:48,8:05,8:15,8:20
1:49,8:05,8:15,8:20
1:50,8:05,8:15,8:20
1:51,8:05,8:15,8:20
1:52,8:05,8:15,8:20
1:53,8:05,8:15,8:20
1:54,8:05,8:15,8:20
1:55,8:05,8:15,8:20
1:56,8:05,8:15,8:20
1:57,8:05,8:15,8:20
1:58,8:05,8:15,8:20
1:59,8:05,8:15,8:20
2:00,8:05,8:15,8:20
2:01,8:05,8:15,8:20
2:02,8:05,8:15,8:20
2:03,8:05,8:15,8:20
2:04,8:05,8:15,8:20
2:05,8:05,8:15,8:20
2:06,8:05,8:15,8:20
2:07,8:05,8:15,8:20
2:08,8:05,8:15,8:20
2:09,8:05,8:15,8:20
2:10,8:05,8:15,8:20
2:11,8:05,8:15,8:20
2:12,8:05,8:15,8:20
2:13,8:05,8:15,8:20
2:14,8:05,8:15,8:20
2:15,8:05,8:15,8:20
2:16,8:05,8:15,8:20
2:17,8:05,8:15,8:20
2:18,8:05,8:15,8:20
2:19,8:05,8:15,8:20
2:20,8:05,8:15,8:20
2:21,8:05,8:15,8:20
2:22,8:05,8:15,8:20
2:23,8:05,8:15,8:20
2:24,8:05,8:15,8:20
2:25,8:05,8:15,8:20
2:26,8:05,8:15,8:20
2:27,8:05,8:15,8:20
2:28,8:05,8:15,8:20
2:29,8:05,8:15,8:20
2:30,8:05,8:15,8:20
2:31,8:05,8:15,8:20
2:32,8:05,8:15,8:20
2:33,8:05,8:15,8:20
2:34,8:05,8:15,8:20
2:35,8:05,8:15,8:20
2:36,8:05,8:15,8:20
2:37,8:05,8:15,8:20
2:38,8:05,8:15,8:20
2:39,8:05,8:15,8:20
2:40,8:05,8:15,8:20
2:41,8:05,8:15,8:20
2:42,8:05,8:15,8:20
2:43,8:05,8:15,8:20
2:44,8:05,8:15,8:20
2:45,8:05,8:15,8:20
2:46,8:05,8:15,8:20
2:47,8:05,8:15,8:20
2:48,8:05,8:15,8:20
2:49,8:05,8:15,8:20
2:50,8:05,8:15,8:20
2:51,8:05,8:15,8:20
2:52,8:05,8:15,8:20
2:53,8:05,8:15,8:20
2:54,8:05,8:15,8:20
2:55,8:05,8:15,8:20
2:56,8:05,8:15,8:20
2:57,8:05,8:15,8:20
2:58,8:05,8:15,8:20
2:59,8:05,8:15,8:20
3:00,8:05,8:15,8:20
3:01,8:05,8:15,8:20
3:02,8:05,8:15,8:20
3:03,8:05,8:15,8:20
3:04,8:05,8:15,8:20
3:05,8:05,8:15,8:20
3:06,8:05,8:15,8:20
3:07,8:05,8:15,8:20
3:08,8:05,8:15,8:20
3:09,8:05,8:15,8:20
3:10,8:05,8:15,8:20
3:11,8:05,8:15,8:20
3:12,8:05,8:15,8:20
3:13,8:05,8:15,8:20
3:14,8:05,8:15,8:20
3:15,8:05,8:15,8:20
3:16,8:05,8:15,8:20
3:17,8:05,8:15,8:20
3:18,8:05,8:15,8:20
3:19,8:05,8:15,8:20
3:20,8:05,8:15,8:20
3:21,8:05,8:15,8:20
3:22,8:05,8:15,8:20
3:23,8:05,8:15,8:20
3:24,8:05,8:15,8:20
3:25,8:05,8:15,8:20
3:26,8:05,8:15,8:20
3:27,8:05,8:15,8:20
3:28,8:05,8:15,8:20
3:29,8:05,8:15,8:20
3:30,8:05,8:15,8:20
3:31,8:05,8:15,8:20
3:32,8:05,8:15,8:20
3:33,8:05,8:15,8:20
3:34,8:05,8:15,8:20
3:35,8:05,8:15,8:20
3:36,8:05,8:15,8:20
3:37,8:05,8:15,8:20
3:38,8:05,8:15,8:20
3:39,8:05,8:15,8:20
3:40,8:05,8:15,8:20
3:41,8:05,8:15,8:20
3:42,8:05,8:15,8:20
3:43,8:05,8:15,8:20
3:44,8:05,8:15,8:20
3:45,8:05,8:15,8:20
3:46,8:05,8:15,8:20
3:47,8:05,8:15,8:20
3:48,8:05,8:15,8:20
3:49,8:05,8:15,8:20
3:50,8:05,8:15,8:20
3:51,8:05,8:15,8:20
3:52,8:05,8:15,8:20
3:53,8:05,8:15,8:20
3:54,8:05,8:15,8:20
3:55,8:05,8:15,8:20
3:56,8:05,8:15,8:20
3:57,8:05,8:15,8:20
3:58,8:05,8:15,8:20
3:59,8:05,8:15,8:20
4:00,8:05,8:15,8:20
4:01,8:05,8:15,8:20
4:02,8:05,8:15,8:20
4:03,8:05,8:15,8:20
4:04,8:05,8:15,8:20
4:05,8:05,8:15,8:20
4:06,8:05,8:15,8:20
4:07,8:05,8:15,8:20
4:08,8:05,8:15,8:20
4:09,8:05,8:15,8:20
4:10,8:05,8:15,8:20
4:11,8:05,8:15,8:20
4:12,8:05,8:15,8:20
4:13,8:05,8:15,8:20
4:14,8:05,8:15,8:20
4:15,8:05,8:15,8:20
4:16,8:05,8:15,8:20
4:17,8:05,8:15,8:20
4:18,8:05,8:15,8:20
4:19,8:05,8:15,8:20
4:20,8:05,8:15,8:20
4:21,8:05,8:15,8:20
4:22,8:05,8:15,8:20
4:23,8:05,8:15,8:20
4:24,8:05,8:15,8:20
4:25,8:05,8:15,8:20
4:26,8:05,8:15,8:20
4:27,8:05,8:15,8:20
4:28,8:05,8:15,8:20
4:29,8:05,8:15,8:20
4:30,8:05,8:15,8:20
4:31,8:05,8:15,8:20
4:32,8:05,8:15,8:20
4:33,8:05,8:15,8:20
4:34,8:05,8:15,8:20
4:35,8:05,8:15,8:20
4:36,8:05,8:15,8:20
4:37,8:05,8:15,8:20
4:38,8:05,8:15,8:20
4:39,8:05,8:15,8:20
4:40,8:05,8:15,8:20
4:41,8:05,8:15,8:20
4:42,8:05,8:15,8:20
4:43,8:05,8:15,8:20
4:44,8:05,8:15,8:20
4:45,8:05,8:15,8:20
4:46,8:05,8:15,8:20
4:47,8:05,8:15,8:20
4:48,8:05,8:15,8:20
4:49,8:05,8:15,8:20
4:50,8:05,8:15,8:20
4:51,8:05,8:15,8:20
4:52,8:05,8:15,8:20
4:53,8:05,8:15,8:20
4:54,8:05,8:15,8:20
4:55,8:05,8:15,8:20
4:56,8:05,8:15,8:20
4:57,8:05,8:15,8:20
4:58,8:05,8:15,8:20
4:59,8:05,8:15,8:20
5:00,8:05,8:15,8:20
5:01,8:05,8:15,8:20
5:02,8:05,8:15,8:20
5:03,8:05,8:15,8:20
5:04,8:05,8:15,8:20
5:05,8:05,8:15,8:20
5:06,8:05,8:15,8:20
5:07,8:05,8:15,8:20
5:08,8:05,8:15,8:20
5:09,8:05,8:15,8:20
5:10,8:05,8:15,8:20
5:11,8:05,8:15,8:20
5:12,8:05,8:15,8:20
5:13,8:05,8:15,8:20
5:14,8:05,8:15,8:20
5:15,8:05,8:15,8:20
5:16,8:05,8:15,8:20
5:17,8:05,8:15,8:20
5:18,8:05,8:15,8:20
5:19,8:05,8:15,8:20
5:20,8:05,8:15,8:20
5:21,8:05,8:15,8:20
5:22,8:05,8:15,8:20
5:23,8:05,8:15,8:20
5:24,8:05,8:15,8:20
5:25,8:05,8:15,8:20
5:26,8:05,8:15,8:20
5:27,8:05,8:15,8:20
5:28,8:05,8:15,8:20
5:29,8:05,8:15,8:20
5:30,8:05,8:15,8:20
5:31,8:05,8:15,8:20
5:32,8:05,8:15,8:20
5:33,8:05,8:15,8:20
5:34,8:05,8:15,8:20
5:35,8:05,8:15,8:20
5:36,8:05,8:15,8:20
5:37,8:05,8:15,8:20
5:38,8:05,8:15,8:20
5:39,8:05,8:15,8:20
5:40,8:05,8:15,8:20
5:41,8:05,8:15,8:20
5:42,8:05,8:15,8:20
5:43,8:05,8:15,8:20
5:44,8:05,8:15,8:20
5:45,8:05,8:15,8:20
5:46,8:05,8:15,8:20
5:47,8:05,8:15,8:20
5:48,8:05,8:15,8:20
5:49,8:05,8:15,8:20
5:50,8:05,8:15,8:20
5:51,8:05,8:15,8:20
5:52,8:05,8:15,8:20
5:53,8:05,8:15,8:20
5:54,8:05,8:15,8:20
5:55,8:05,8:15,8:20
5:56,8:05,8:15,8:20
5:57,8:05,8:15,8:20
5:58,8:05,8:15,8:20
5:59,8:05,8:15,8:20
6:00,8:05,8:15,8:20
6:01,8:05,8:15,8:20
6:02,8:05,8:15,8:20
6:03,8:05,8:15,8:20
6:04,8:05,8:15,8:20
6:05,8:05,8:15,8:20
6:06,8:05,8:15,8:20
6:07,8:05,8:15,8:20
6:08,8:05,8:15,8:20
6:09,8:05,8:15,8:20
6:10,8:05,8:15,8:20
6:11,8:05,8:15,8:20
6:12,8:05,8:15,8:20
6:13,8:05,8:15,8:20
6:14,8:05,8:15,8:20
6:15,8:05,8:15,8:20
6:16,8:05,8:15,8:20
6:17,8:05,8:15,8:20
6:18,8:05,8:15,8:20
6:19,8:05,8:15,8:20
6:20,8:05,8:15,8:20
6:21,8:05,8:15,8:20
6:22,8:05,8:15,8:20
6:23,8:05,8:15,8:20
6:24,8:05,8:15,8:20
6:25,8:05,8:15,8:20
6:26,8:05,8:15,8:20
6:27,8:05,8:15,8:20
6:28,8:05,8:15,8:20
6:29,8:05,8:15,8:20
6:30,8:05,8:15,8:20
6:31,8:05,8:15,8:20
6:32,8:05,8:15,8:20
6:33,8:05,8:15,8:20
6:34,8:05,8:15,8:20
6:35,8:05,8:15,8:20
6:36,8:05,8:15,8:20
6:37,8:05,8:15,8:20
6:38,8:05,8:15,8:20
6:39,8:05,8:15,8:20
6:40,8:05,8:15,8:20
6:41,8:05,8:15,8:20
6:42,8:05,8:15,8:20
6:43,8:05,8:15,8:20
6:44,8:05,8:15,8:20
6:45,8:05,8:15,8:20
6:46,8:05,8:15,8:20
6:47,8:05,8:15,8:20
6:48,8:05,8:15,8:20
6:49,8:05,8:15,8:20
6:50,8:05,8:15,8:20
6:51,8:05,8:15,8:20
6:52,8:05,8:15,8:20
6:53,8:05,8:15,8:20
6:54,8:05,8:15,8:20
6:55,8:05,8:15,8:20
6:56,8:05,8:15,8:20
6:57,8:05,8:15,8:20
6:58,8:05,8:15,8:20
6:59,8:05,8:15,8:20
7:00,8:05,8:15,8:20
7:01,8:05,8:15,8:20
7:02,8:05,8:15,8:20
7:03,8:05,8:15,8:20
7:04,8:05,8:15,8:20
7:05,8:05,8:15,8:20
7:06,8:05,8:15,8:20
7:07,8:05,8:15,8:20
7:08,8:05,8:15,8:20
7:09,8:05,8:15,8:20
7:10,8:05,8:15,8:20
7:11,8:05,8:15,8:20
7:12,8:05,8:15,8:20
7:13,8:05,8:15,8:20
7:14,8:05,8:15,8:20
7:15,8:05,8:15,8:20
7:16,8:05,8:15,8:20
7:17,8:05,8:15,8:20
7:18,8:05,8:15,8:20
7:19,8:05,8:15,8:20
7:20,8:05,8:15,8:20
7:21,8:05,8:15,8:20
7:22,8:05,8:15,8:20
7:23,8:05,8:15,8:20
7:24,8:05,8:15,8:20
7:25,8:05,8:15,8:20
7:26,8:05,8:15,8:20
7:27,8:05,8:15,8:20
7:28,8:05,8:15,8:20
7:29,8:05,8:15,8:20
7:30,8:05,8:15,8:20
7:31,8:05,8:15,8:20
7:32,8:05,8:15,8:20
7:33,8:05,8:15,8:20
7:34,8:05,8:15,8:20
7:35,8:05,8:15,8:20
7:36,8:05,8:15,8:20
7:37,8:05,8:15,8:20
7:38,8:05,8:15,8:20
7:39,8:05,8:15,8:20
7:40,8:05,8:15,8:20
7:41,8:05,8:15,8:20
7:42,8:05,8:15,8:20
7:43,8:05,8:15,8:20
7:44,8:05,8:15,8:20
7:45,8:05,8:15,8:20
7:46,8:05,8:15,8:20
7:47,8:05,8:15,8:20
7:48,8:05,8:15,8:20
7:49,8:05,8:15,8:20
7:50,8:05,8:15,8:20
7:51,8:05,8:15,8:20
7:52,8:05,8:15,8:20
7:53,8:05,8:15,8:20
7:54,8:05,8:15,8:20
7:55,8:05,8:15,8:20
7:56,8:05,8:15,8:20
7:57,8:05,8:15,8:20
7:58,8:05,8:15,8:20
7:59,8:05,8:15,8:20
